{
  "model": "LogisticRegression",
  "validation_metrics": {
    "accuracy": 0.49333333333333335,
    "f1_weighted": 0.3719303436854359,
    "precision_weighted": 0.32825060354472124,
    "recall_weighted": 0.49333333333333335
  },
  "runtime_seconds": 0.1098942756652832
}