{
  "model": "PolynomialLogisticRegression",
  "best_params": {
    "clf__C": 1.0,
    "clf__class_weight": null
  },
  "best_cv_f1_weighted": 0.4134181578735971,
  "validation_metrics": {
    "accuracy": 0.49333333333333335,
    "f1_weighted": 0.36971187315028936,
    "precision_weighted": 0.3254743008314437,
    "recall_weighted": 0.49333333333333335
  },
  "runtime_seconds": 4.996086120605469
}