{
  "model": "RandomForestClassifier",
  "best_params": {
    "clf__max_depth": null,
    "clf__max_features": "sqrt",
    "clf__min_samples_leaf": 1,
    "clf__n_estimators": 100
  },
  "best_cv_f1_weighted": 0.4071930030567756,
  "validation_metrics": {
    "accuracy": 0.4888888888888889,
    "f1_weighted": 0.3702456162684735,
    "precision_weighted": 0.3299163879598662,
    "recall_weighted": 0.4888888888888889
  },
  "runtime_seconds": 21.525956869125366
}